"dataset","subregion","start_date","runtime","start_date_1","runtime_1","start_date_2","runtime_2","start_date_3","runtime_3","start_date_4","runtime_4"
"belgium","Brussels",2020-09-17 10:28:50,1064.103,2020-09-17 10:09:12,999999,2020-09-15 16:13:50,999999,2020-09-09 19:01:16,799.215,NA,NA
"belgium","Flanders",2020-09-17 10:28:50,1172.531,2020-09-17 10:09:12,999999,2020-09-15 16:13:50,999999,2020-09-09 19:01:16,906.017,NA,NA
"belgium","Unknown",2020-09-17 10:28:50,758.981,2020-09-17 10:09:12,999999,2020-09-15 16:13:50,999999,2020-09-09 19:01:16,649.287,NA,NA
"belgium","Wallonia",2020-09-17 10:28:50,4601.329,2020-09-17 10:09:12,999999,2020-09-15 16:13:50,999999,2020-09-09 19:01:16,788.607,NA,NA
"brazil","Acre",2020-09-15 16:31:08,598.491,2020-09-09 19:16:31,398.055,NA,NA,NA,NA,NA,NA
"brazil","Alagoas",2020-09-15 16:31:08,802.62,2020-09-09 19:16:31,632.302,NA,NA,NA,NA,NA,NA
"brazil","Amapá",2020-09-15 16:31:08,557.763,2020-09-09 19:16:31,1059.291,NA,NA,NA,NA,NA,NA
"brazil","Amazonas",2020-09-15 16:31:08,759.176,2020-09-09 19:16:31,403.402,NA,NA,NA,NA,NA,NA
"brazil","Bahia",2020-09-15 16:31:08,938.238,2020-09-09 19:16:31,857.366,NA,NA,NA,NA,NA,NA
"brazil","Ceará",2020-09-15 16:31:08,1375.224,2020-09-09 19:16:31,507.445,NA,NA,NA,NA,NA,NA
"brazil","Distrito Federal",2020-09-15 16:31:08,1430.453,2020-09-09 19:16:31,960.303,NA,NA,NA,NA,NA,NA
"brazil","Espirito Santo",2020-09-15 16:31:08,879.132,2020-09-09 19:16:31,621.743,NA,NA,NA,NA,NA,NA
"brazil","Goiás",2020-09-15 16:31:08,488.889,2020-09-09 19:16:31,342.556,NA,NA,NA,NA,NA,NA
"brazil","Maranhão",2020-09-15 16:31:08,1237.045,2020-09-09 19:16:31,431.207,NA,NA,NA,NA,NA,NA
"brazil","Mato Grosso",2020-09-15 16:31:08,945.048,2020-09-09 19:16:31,758.598,NA,NA,NA,NA,NA,NA
"brazil","Mato Grosso do Sul",2020-09-15 16:31:08,619.415,2020-09-09 19:16:31,659.173,NA,NA,NA,NA,NA,NA
"brazil","Minas Gerais",2020-09-15 16:31:08,858.792,2020-09-09 19:16:31,978.841,NA,NA,NA,NA,NA,NA
"brazil","Pará",2020-09-15 16:31:08,1287.715,2020-09-09 19:16:31,1232.553,NA,NA,NA,NA,NA,NA
"brazil","Paraíba",2020-09-15 16:31:08,946.134,2020-09-09 19:16:31,639.854,NA,NA,NA,NA,NA,NA
"brazil","Paraná",2020-09-15 16:31:08,1312.563,2020-09-09 19:16:31,699.748,NA,NA,NA,NA,NA,NA
"brazil","Pernambuco",2020-09-15 16:31:08,894.23,2020-09-09 19:16:31,402.648,NA,NA,NA,NA,NA,NA
"brazil","Piauí",2020-09-15 16:31:08,855.34,2020-09-09 19:16:31,519.685,NA,NA,NA,NA,NA,NA
"brazil","Rio de Janeiro",2020-09-15 16:31:08,519.736,2020-09-09 19:16:31,400.33,NA,NA,NA,NA,NA,NA
"brazil","Rio Grande do Norte",2020-09-15 16:31:08,414.72,2020-09-09 19:16:31,600.132,NA,NA,NA,NA,NA,NA
"brazil","Rio Grande do Sul",2020-09-15 16:31:08,702.581,2020-09-09 19:16:31,403.402,NA,NA,NA,NA,NA,NA
"brazil","Rondônia",2020-09-15 16:31:08,543.401,2020-09-09 19:16:31,465.658,NA,NA,NA,NA,NA,NA
"brazil","Roraima",2020-09-15 16:31:08,655.733,2020-09-09 19:16:31,714.747,NA,NA,NA,NA,NA,NA
"brazil","Santa Catarina",2020-09-15 16:31:08,1068.539,2020-09-09 19:16:31,902.714,NA,NA,NA,NA,NA,NA
"brazil","São Paulo",2020-09-15 16:31:08,999999,2020-09-09 19:16:31,563.424,NA,NA,NA,NA,NA,NA
"brazil","Sergipe",2020-09-15 16:31:08,757.188,2020-09-09 19:16:31,362.773,NA,NA,NA,NA,NA,NA
"brazil","Tocantins",2020-09-15 16:31:08,1220.557,2020-09-09 19:16:31,613.566,NA,NA,NA,NA,NA,NA
"canada","Alberta",2020-09-15 18:33:48,327.108,2020-09-10 16:06:03,288.187,2020-09-09 19:38:08,159.174,NA,NA,NA,NA
"canada","British Columbia",2020-09-15 18:33:48,370.812,2020-09-10 16:06:03,312.411,2020-09-09 19:38:08,300.605,NA,NA,NA,NA
"canada","Manitoba",2020-09-15 18:33:48,1187.971,2020-09-10 16:06:03,1036.74,2020-09-09 19:38:08,877.675,NA,NA,NA,NA
"canada","New Brunswick",2020-09-15 18:33:48,999999,2020-09-10 16:06:03,390.977,2020-09-09 19:38:08,235.49,NA,NA,NA,NA
"canada","Nova Scotia",2020-09-15 18:33:48,284.988000000001,2020-09-10 16:06:03,263.503,2020-09-09 19:38:08,177.598,NA,NA,NA,NA
"canada","Ontario",2020-09-15 18:33:48,393.628999999999,2020-09-10 16:06:03,612.464,2020-09-09 19:38:08,275.126,NA,NA,NA,NA
"canada","Quebec",2020-09-15 18:33:48,393.987999999999,2020-09-10 16:06:03,481.694,2020-09-09 19:38:08,500.329,NA,NA,NA,NA
"canada","Saskatchewan",2020-09-15 18:33:48,484.214,2020-09-10 16:06:03,585.068,2020-09-09 19:38:08,585.154,NA,NA,NA,NA
"colombia","",2020-09-09 19:53:00,-1,NA,NA,NA,NA,NA,NA,NA,NA
"germany","Baden-Württemberg",2020-09-15 20:58:05,999999,2020-09-09 19:53:00,1312.638,NA,NA,NA,NA,NA,NA
"germany","Bayern",2020-09-15 20:58:05,1625.81,2020-09-09 19:53:00,977.926,NA,NA,NA,NA,NA,NA
"germany","Berlin",2020-09-15 20:58:05,1617.154,2020-09-09 19:53:00,1068.622,NA,NA,NA,NA,NA,NA
"germany","Brandenburg",2020-09-15 20:58:05,867.289000000001,2020-09-09 19:53:00,544.369,NA,NA,NA,NA,NA,NA
"germany","Bremen",2020-09-15 20:58:05,527.756999999998,2020-09-09 19:53:00,560.959,NA,NA,NA,NA,NA,NA
"germany","Hamburg",2020-09-15 20:58:05,1435.121,2020-09-09 19:53:00,1267.656,NA,NA,NA,NA,NA,NA
"germany","Hessen",2020-09-15 20:58:05,1046.373,2020-09-09 19:53:00,590.279,NA,NA,NA,NA,NA,NA
"germany","Niedersachsen",2020-09-15 20:58:05,1011.372,2020-09-09 19:53:00,856.438,NA,NA,NA,NA,NA,NA
"germany","Nordrhein-Westfalen",2020-09-15 20:58:05,1898.546,2020-09-09 19:53:00,1047.38,NA,NA,NA,NA,NA,NA
"germany","Rheinland-Pfalz",2020-09-15 20:58:05,1080.214,2020-09-09 19:53:00,1093.848,NA,NA,NA,NA,NA,NA
"germany","Saarland",2020-09-15 20:58:05,750.388999999999,2020-09-09 19:53:00,556.629,NA,NA,NA,NA,NA,NA
"germany","Sachsen-Anhalt",2020-09-15 20:58:05,723.57,2020-09-09 19:53:00,537.232,NA,NA,NA,NA,NA,NA
"germany","Thüringen",2020-09-15 20:58:05,528.094000000001,2020-09-09 19:53:00,444.033,NA,NA,NA,NA,NA,NA
"germany","Mecklenburg-Vorpommern",2020-09-15 20:58:05,1573.637,2020-09-09 19:53:00,869.76,NA,NA,NA,NA,NA,NA
"germany","Sachsen",2020-09-15 20:58:05,812.368999999999,2020-09-09 19:53:00,606.957,NA,NA,NA,NA,NA,NA
"germany","Schleswig-Holstein",2020-09-15 20:58:05,770.682000000001,2020-09-09 19:53:00,679.262,NA,NA,NA,NA,NA,NA
"india","Andaman and Nicobar",2020-09-15 22:10:30,2659.331,2020-09-09 20:15:08,1947.822,NA,NA,NA,NA,NA,NA
"india","Andhra Pradesh",2020-09-15 22:10:30,1758.669,2020-09-09 20:15:08,1952.433,NA,NA,NA,NA,NA,NA
"india","Arunachal Pradesh",2020-09-15 22:10:30,1534.545,2020-09-09 20:15:08,835.212,NA,NA,NA,NA,NA,NA
"india","Assam",2020-09-15 22:10:30,1519.635,2020-09-09 20:15:08,824.496,NA,NA,NA,NA,NA,NA
"india","Bihar",2020-09-15 22:10:30,1192.233,2020-09-09 20:15:08,829.964999999999,NA,NA,NA,NA,NA,NA
"india","Chandigarh",2020-09-15 22:10:30,673.293000000001,2020-09-09 20:15:08,576.11,NA,NA,NA,NA,NA,NA
"india","Chhattisgarh",2020-09-15 22:10:30,658.947,2020-09-09 20:15:08,797.375,NA,NA,NA,NA,NA,NA
"india","Dadra and Nagar Haveli",2020-09-15 22:10:30,1260.04,2020-09-09 20:15:08,1475.483,NA,NA,NA,NA,NA,NA
"india","Goa",2020-09-15 22:10:30,1105.049,2020-09-09 20:15:08,648.775,NA,NA,NA,NA,NA,NA
"india","Gujarat",2020-09-15 22:10:30,1500.852,2020-09-09 20:15:08,1031.723,NA,NA,NA,NA,NA,NA
"india","Haryana",2020-09-15 22:10:30,1589.346,2020-09-09 20:15:08,877.229,NA,NA,NA,NA,NA,NA
"india","Himachal Pradesh",2020-09-15 22:10:30,989.057000000001,2020-09-09 20:15:08,1153.992,NA,NA,NA,NA,NA,NA
"india","Jammu and Kashmir",2020-09-15 22:10:30,2125.514,2020-09-09 20:15:08,1003.279,NA,NA,NA,NA,NA,NA
"india","Jharkhand",2020-09-15 22:10:30,1089.384,2020-09-09 20:15:08,722.333,NA,NA,NA,NA,NA,NA
"india","Karnataka",2020-09-15 22:10:30,1273.337,2020-09-09 20:15:08,1176.982,NA,NA,NA,NA,NA,NA
"india","Kerala",2020-09-15 22:10:30,1295.008,2020-09-09 20:15:08,1352.227,NA,NA,NA,NA,NA,NA
"india","Ladakh",2020-09-15 22:10:30,631.847000000002,2020-09-09 20:15:08,845.562000000001,NA,NA,NA,NA,NA,NA
"india","Madhya Pradesh",2020-09-15 22:10:30,1626.628,2020-09-09 20:15:08,1191.924,NA,NA,NA,NA,NA,NA
"india","Maharashtra",2020-09-15 22:10:30,1645.788,2020-09-09 20:15:08,1239.828,NA,NA,NA,NA,NA,NA
"india","Manipur",2020-09-15 22:10:30,999999,2020-09-09 20:15:08,728.933,NA,NA,NA,NA,NA,NA
"india","Meghalaya",2020-09-15 22:10:30,1541.203,2020-09-09 20:15:08,792.867,NA,NA,NA,NA,NA,NA
"india","Mizoram",2020-09-15 22:10:30,972.806,2020-09-09 20:15:08,531.136,NA,NA,NA,NA,NA,NA
"india","Nagaland",2020-09-15 22:10:30,1561.265,2020-09-09 20:15:08,903.016,NA,NA,NA,NA,NA,NA
"india","NCT of Delhi",2020-09-15 22:10:30,2435.497,2020-09-09 20:15:08,2374.406,NA,NA,NA,NA,NA,NA
"india","Odisha",2020-09-15 22:10:30,1176.599,2020-09-09 20:15:08,756.266000000001,NA,NA,NA,NA,NA,NA
"india","Puducherry",2020-09-15 22:10:30,1100.886,2020-09-09 20:15:08,1216.429,NA,NA,NA,NA,NA,NA
"india","Punjab",2020-09-15 22:10:30,1433.465,2020-09-09 20:15:08,879.601,NA,NA,NA,NA,NA,NA
"india","Rajasthan",2020-09-15 22:10:30,1201.366,2020-09-09 20:15:08,928.766000000001,NA,NA,NA,NA,NA,NA
"india","Sikkim",2020-09-15 22:10:30,953.075000000001,2020-09-09 20:15:08,734.72,NA,NA,NA,NA,NA,NA
"india","Tamil Nadu",2020-09-15 22:10:30,2572.237,2020-09-09 20:15:08,2196.054,NA,NA,NA,NA,NA,NA
"india","Telangana",2020-09-15 22:10:30,1370.555,2020-09-09 20:15:08,864.551,NA,NA,NA,NA,NA,NA
"india","Tripura",2020-09-15 22:10:30,1006.434,2020-09-09 20:15:08,741.888,NA,NA,NA,NA,NA,NA
"india","Uttar Pradesh",2020-09-15 22:10:30,1083.167,2020-09-09 20:15:08,826.443,NA,NA,NA,NA,NA,NA
"india","Uttarakhand",2020-09-15 22:10:30,782.073,2020-09-09 20:15:08,2038.555,NA,NA,NA,NA,NA,NA
"india","West Bengal",2020-09-15 22:10:30,1178.956,2020-09-09 20:15:08,919.331,NA,NA,NA,NA,NA,NA
"italy","Abruzzo",2020-09-17 05:58:19,752.173,2020-09-16 00:12:22,669.045999999998,2020-09-09 20:57:02,528.112,NA,NA,NA,NA
"italy","Basilicata",2020-09-17 05:58:19,561.711,2020-09-16 00:12:22,510.325999999997,2020-09-09 20:57:02,230.192,NA,NA,NA,NA
"italy","Calabria",2020-09-17 05:58:19,818.409,2020-09-16 00:12:22,389.126,2020-09-09 20:57:02,337.763,NA,NA,NA,NA
"italy","Campania",2020-09-17 05:58:19,1100.162,2020-09-16 00:12:22,1069.211,2020-09-09 20:57:02,632.08,NA,NA,NA,NA
"italy","Emilia-Romagna",2020-09-17 05:58:19,906.401,2020-09-16 00:12:22,888.617999999999,2020-09-09 20:57:02,1067.568,NA,NA,NA,NA
"italy","Friuli Venezia Giulia",2020-09-17 05:58:19,546.417,2020-09-16 00:12:22,759.745000000003,2020-09-09 20:57:02,589.263,NA,NA,NA,NA
"italy","Lazio",2020-09-17 05:58:19,1884.652,2020-09-16 00:12:22,999999,2020-09-09 20:57:02,1178.542,NA,NA,NA,NA
"italy","Liguria",2020-09-17 05:58:19,561.867,2020-09-16 00:12:22,378.438000000002,2020-09-09 20:57:02,407.57,NA,NA,NA,NA
"italy","Lombardia",2020-09-17 05:58:19,999999,2020-09-16 00:12:22,999999,2020-09-09 20:57:02,650.075000000001,NA,NA,NA,NA
"italy","Marche",2020-09-17 05:58:19,643.472,2020-09-16 00:12:22,758.511999999999,2020-09-09 20:57:02,436.43,NA,NA,NA,NA
"italy","Molise",2020-09-17 05:58:19,573.897,2020-09-16 00:12:22,665.398000000001,2020-09-09 20:57:02,549.627,NA,NA,NA,NA
"italy","Piemonte",2020-09-17 05:58:19,1280.929,2020-09-16 00:12:22,1539.651,2020-09-09 20:57:02,821.104,NA,NA,NA,NA
"italy","Puglia",2020-09-17 05:58:19,735.518,2020-09-16 00:12:22,653.629000000001,2020-09-09 20:57:02,585.625,NA,NA,NA,NA
"italy","Sardegna",2020-09-17 05:58:19,939.16,2020-09-16 00:12:22,1004.903,2020-09-09 20:57:02,576.137,NA,NA,NA,NA
"italy","Sicilia",2020-09-17 05:58:19,644.941,2020-09-16 00:12:22,760.858,2020-09-09 20:57:02,410.761,NA,NA,NA,NA
"italy","Toscana",2020-09-17 05:58:19,1022.951,2020-09-16 00:12:22,800.366000000002,2020-09-09 20:57:02,477.651000000001,NA,NA,NA,NA
"italy","Trentino-Alto Adige",2020-09-17 05:58:19,999999,2020-09-16 00:12:22,1283.056,2020-09-09 20:57:02,869.492,NA,NA,NA,NA
"italy","Umbria",2020-09-17 05:58:19,817.792,2020-09-16 00:12:22,738.477999999999,2020-09-09 20:57:02,450.889,NA,NA,NA,NA
"italy","Valle d'Aosta",2020-09-17 05:58:19,612.503,2020-09-16 00:12:22,563.821,2020-09-09 20:57:02,465.821999999999,NA,NA,NA,NA
"italy","Veneto",2020-09-17 05:58:19,732.604,2020-09-16 00:12:22,585.414999999997,2020-09-09 20:57:02,481.416999999999,NA,NA,NA,NA
"russia","",2020-09-09 21:17:08,-1,NA,NA,NA,NA,NA,NA,NA,NA
"united-kingdom","East Midlands",2020-09-17 07:59:34,999999,2020-09-16 04:26:23,1707.137,2020-09-09 21:17:09,1209.541,NA,NA,NA,NA
"united-kingdom","East of England",2020-09-17 07:59:34,916.496,2020-09-16 04:26:23,898.040000000001,2020-09-09 21:17:09,468.001999999999,NA,NA,NA,NA
"united-kingdom","England",2020-09-17 07:59:34,1778.343,2020-09-16 04:26:23,1322.454,2020-09-09 21:17:09,934.325,NA,NA,NA,NA
"united-kingdom","London",2020-09-17 07:59:34,809.949000000001,2020-09-16 04:26:23,766.248,2020-09-09 21:17:09,587.921000000001,NA,NA,NA,NA
"united-kingdom","North East",2020-09-17 07:59:34,1173.811,2020-09-16 04:26:23,1123.70499999999,2020-09-09 21:17:09,9122.757,NA,NA,NA,NA
"united-kingdom","North West",2020-09-17 07:59:34,999999,2020-09-16 04:26:23,1525.485,2020-09-09 21:17:09,3351.52,NA,NA,NA,NA
"united-kingdom","Northern Ireland",2020-09-17 07:59:34,701.397000000001,2020-09-16 04:26:23,575.206999999995,2020-09-09 21:17:09,568.312,NA,NA,NA,NA
"united-kingdom","Scotland",2020-09-17 07:59:34,648.374,2020-09-16 04:26:23,542.101999999999,2020-09-09 21:17:09,1948.739,NA,NA,NA,NA
"united-kingdom","South East",2020-09-17 07:59:34,946.843,2020-09-16 04:26:23,1003.672,2020-09-09 21:17:09,827.923,NA,NA,NA,NA
"united-kingdom","South West",2020-09-17 07:59:34,643.952,2020-09-16 04:26:23,555.815000000002,2020-09-09 21:17:09,738.153,NA,NA,NA,NA
"united-kingdom","Wales",2020-09-17 07:59:34,1466.003,2020-09-16 04:26:23,1514.456,2020-09-09 21:17:09,1155.162,NA,NA,NA,NA
"united-kingdom","West Midlands",2020-09-17 07:59:34,1711.111,2020-09-16 04:26:23,1474.469,2020-09-09 21:17:09,842.166,NA,NA,NA,NA
"united-kingdom","Yorkshire and The Humber",2020-09-17 07:59:34,999999,2020-09-16 04:26:23,1719.473,2020-09-09 21:17:09,1430.523,NA,NA,NA,NA
"united-states","Alabama",2020-09-17 08:48:44,1694.104,2020-09-16 04:56:02,2072.437,2020-09-09 23:49:31,1169.988,NA,NA,NA,NA
"united-states","Alaska",2020-09-17 08:48:44,1528.998,2020-09-16 04:56:02,1467.854,2020-09-09 23:49:31,969.383000000002,NA,NA,NA,NA
"united-states","Arizona",2020-09-17 08:48:44,2405.366,2020-09-16 04:56:02,1659.367,2020-09-09 23:49:31,1833.077,NA,NA,NA,NA
"united-states","Arkansas",2020-09-17 08:48:44,1177.246,2020-09-16 04:56:02,1487.253,2020-09-09 23:49:31,1105.791,NA,NA,NA,NA
"united-states","California",2020-09-17 08:48:44,3127.227,2020-09-16 04:56:02,2731.18,2020-09-09 23:49:31,2102.618,NA,NA,NA,NA
"united-states","Colorado",2020-09-17 08:48:44,1891.865,2020-09-16 04:56:02,2162.44,2020-09-09 23:49:31,1300.691,NA,NA,NA,NA
"united-states","Connecticut",2020-09-17 08:48:44,755.503000000001,2020-09-16 04:56:02,555.797999999995,2020-09-09 23:49:31,301.192999999999,NA,NA,NA,NA
"united-states","Delaware",2020-09-17 08:48:44,1288.133,2020-09-16 04:56:02,-1,2020-09-09 23:49:31,583.119999999999,NA,NA,NA,NA
"united-states","District of Columbia",2020-09-17 08:48:44,2438.331,2020-09-16 04:56:02,922.489000000001,2020-09-09 23:49:31,854.942999999999,NA,NA,NA,NA
"united-states","Florida",2020-09-17 08:48:44,2202.391,2020-09-16 04:56:02,2193.56400000001,2020-09-09 23:49:31,1575.672,NA,NA,NA,NA
"united-states","Georgia",2020-09-17 08:48:44,1991.4,2020-09-16 04:56:02,2092.378,2020-09-09 23:49:31,1803.173,NA,NA,NA,NA
"united-states","Guam",2020-09-17 08:48:44,1819.851,2020-09-16 04:56:02,1533.975,2020-09-09 23:49:31,1129.359,NA,NA,NA,NA
"united-states","Hawaii",2020-09-17 08:48:44,3190.469,2020-09-16 04:56:02,2375.815,2020-09-09 23:49:31,1436.251,NA,NA,NA,NA
"united-states","Idaho",2020-09-17 08:48:44,2076.043,2020-09-16 04:56:02,2093.783,2020-09-09 23:49:31,1949.606,NA,NA,NA,NA
"united-states","Illinois",2020-09-17 08:48:44,1973.655,2020-09-16 04:56:02,1810.735,2020-09-09 23:49:31,1736.168,NA,NA,NA,NA
"united-states","Indiana",2020-09-17 08:48:44,1613.687,2020-09-16 04:56:02,1526.644,2020-09-09 23:49:31,1007.574,NA,NA,NA,NA
"united-states","Iowa",2020-09-17 08:48:44,2093.695,2020-09-16 04:56:02,2312.317,2020-09-09 23:49:31,1855.33,NA,NA,NA,NA
"united-states","Kansas",2020-09-17 08:48:44,2104.667,2020-09-16 04:56:02,1203.697,2020-09-09 23:49:31,944.07,NA,NA,NA,NA
"united-states","Kentucky",2020-09-17 08:48:44,1055.123,2020-09-16 04:56:02,949.743000000002,2020-09-09 23:49:31,883.721000000001,NA,NA,NA,NA
"united-states","Louisiana",2020-09-17 08:48:44,1312.42,2020-09-16 04:56:02,842.731999999996,2020-09-09 23:49:31,1167.081,NA,NA,NA,NA
"united-states","Maine",2020-09-17 08:48:44,1552.763,2020-09-16 04:56:02,1477.343,2020-09-09 23:49:31,1345.334,NA,NA,NA,NA
"united-states","Maryland",2020-09-17 08:48:44,1979.528,2020-09-16 04:56:02,1998.016,2020-09-09 23:49:31,1679.181,NA,NA,NA,NA
"united-states","Massachusetts",2020-09-17 08:48:44,844.632000000001,2020-09-16 04:56:02,948.012000000002,2020-09-09 23:49:31,552.118999999999,NA,NA,NA,NA
"united-states","Michigan",2020-09-17 08:48:44,1625.618,2020-09-16 04:56:02,1544.74299999999,2020-09-09 23:49:31,1215.625,NA,NA,NA,NA
"united-states","Minnesota",2020-09-17 08:48:44,1027.069,2020-09-16 04:56:02,1399.448,2020-09-09 23:49:31,1049.882,NA,NA,NA,NA
"united-states","Mississippi",2020-09-17 08:48:44,1531.501,2020-09-16 04:56:02,1290.482,2020-09-09 23:49:31,601.075999999997,NA,NA,NA,NA
"united-states","Missouri",2020-09-17 08:48:44,2033.978,2020-09-16 04:56:02,2028.886,2020-09-09 23:49:31,1006.634,NA,NA,NA,NA
"united-states","Montana",2020-09-17 08:48:44,1935.868,2020-09-16 04:56:02,1639.335,2020-09-09 23:49:31,1017.87,NA,NA,NA,NA
"united-states","Nebraska",2020-09-17 08:48:44,1620.895,2020-09-16 04:56:02,953.699000000001,2020-09-09 23:49:31,1265.142,NA,NA,NA,NA
"united-states","Nevada",2020-09-17 08:48:44,1890.303,2020-09-16 04:56:02,1830.621,2020-09-09 23:49:31,1315.143,NA,NA,NA,NA
"united-states","New Hampshire",2020-09-17 08:48:44,2268.024,2020-09-16 04:56:02,1750.451,2020-09-09 23:49:31,983.703999999998,NA,NA,NA,NA
"united-states","New Jersey",2020-09-17 08:48:44,975.375,2020-09-16 04:56:02,1147.676,2020-09-09 23:49:31,1267.828,NA,NA,NA,NA
"united-states","New Mexico",2020-09-17 08:48:44,2652.541,2020-09-16 04:56:02,1976.299,2020-09-09 23:49:31,1786.683,NA,NA,NA,NA
"united-states","New York",2020-09-17 08:48:44,2548.752,2020-09-16 04:56:02,1749.835,2020-09-09 23:49:31,1606.659,NA,NA,NA,NA
"united-states","North Carolina",2020-09-17 08:48:44,2963.902,2020-09-16 04:56:02,2539.578,2020-09-09 23:49:31,1369.704,NA,NA,NA,NA
"united-states","North Dakota",2020-09-17 08:48:44,2085.846,2020-09-16 04:56:02,1793.57,2020-09-09 23:49:31,1057.859,NA,NA,NA,NA
"united-states","Northern Mariana Islands",2020-09-17 08:48:44,646.589000000002,2020-09-16 04:56:02,534.731,2020-09-09 23:49:31,341.212,NA,NA,NA,NA
"united-states","Ohio",2020-09-17 08:48:44,2960.596,2020-09-16 04:56:02,2286.521,2020-09-09 23:49:31,1729.898,NA,NA,NA,NA
"united-states","Oklahoma",2020-09-17 08:48:44,2554.861,2020-09-16 04:56:02,1613.741,2020-09-09 23:49:31,1451.655,NA,NA,NA,NA
"united-states","Oregon",2020-09-17 08:48:44,2557.44,2020-09-16 04:56:02,1982.691,2020-09-09 23:49:31,1438.999,NA,NA,NA,NA
"united-states","Pennsylvania",2020-09-17 08:48:44,2225.435,2020-09-16 04:56:02,1721.079,2020-09-09 23:49:31,1555.996,NA,NA,NA,NA
"united-states","Puerto Rico",2020-09-17 08:48:44,1354.921,2020-09-16 04:56:02,867.246999999996,2020-09-09 23:49:31,822.295999999998,NA,NA,NA,NA
"united-states","Rhode Island",2020-09-17 08:48:44,1075.487,2020-09-16 04:56:02,922.598999999995,2020-09-09 23:49:31,603.967000000001,NA,NA,NA,NA
"united-states","South Carolina",2020-09-17 08:48:44,2576.788,2020-09-16 04:56:02,2247.551,2020-09-09 23:49:31,5358.252,NA,NA,NA,NA
"united-states","South Dakota",2020-09-17 08:48:44,3908.091,2020-09-16 04:56:02,2916.085,2020-09-09 23:49:31,1173.043,NA,NA,NA,NA
"united-states","Tennessee",2020-09-17 08:48:44,1781.818,2020-09-16 04:56:02,1962.338,2020-09-09 23:49:31,1087.194,NA,NA,NA,NA
"united-states","Texas",2020-09-17 08:48:44,2249.334,2020-09-16 04:56:02,2182.942,2020-09-09 23:49:31,1916.352,NA,NA,NA,NA
"united-states","Utah",2020-09-17 08:48:44,2190.227,2020-09-16 04:56:02,1583.305,2020-09-09 23:49:31,1830.004,NA,NA,NA,NA
"united-states","Vermont",2020-09-17 08:48:44,572.069,2020-09-16 04:56:02,1027.318,2020-09-09 23:49:31,517.423999999999,NA,NA,NA,NA
"united-states","Virgin Islands",2020-09-17 08:48:44,1396.046,2020-09-16 04:56:02,1551.186,2020-09-09 23:49:31,878.267000000003,NA,NA,NA,NA
"united-states","Virginia",2020-09-17 08:48:44,1300.577,2020-09-16 04:56:02,1243.526,2020-09-09 23:49:31,1125.288,NA,NA,NA,NA
"united-states","Washington",2020-09-17 08:48:44,2070.162,2020-09-16 04:56:02,1593.561,2020-09-09 23:49:31,1183.625,NA,NA,NA,NA
"united-states","West Virginia",2020-09-17 08:48:44,2091.227,2020-09-16 04:56:02,2952.861,2020-09-09 23:49:31,1094.301,NA,NA,NA,NA
"united-states","Wisconsin",2020-09-17 08:48:44,2257.3,2020-09-16 04:56:02,2057.056,2020-09-09 23:49:31,1399.375,NA,NA,NA,NA
"united-states","Wyoming",2020-09-17 08:48:44,1149.282,2020-09-16 04:56:02,1249.499,2020-09-09 23:49:31,1031.577,NA,NA,NA,NA
"cases","",2020-09-14 23:48:36,-1,NA,NA,NA,NA,NA,NA,NA,NA
"deaths","",2020-09-16 10:13:27,-1,2020-09-15 00:05:56,-1,NA,NA,NA,NA,NA,NA
"regional-cases","",2020-09-16 10:22:14,-1,2020-09-15 00:06:14,-1,NA,NA,NA,NA,NA,NA
"regional-deaths","",2020-09-16 10:22:33,-1,2020-09-15 00:06:29,-1,NA,NA,NA,NA,NA,NA
"colombia","Amazonas",2020-09-15 20:34:05,868.248999999998,NA,NA,NA,NA,NA,NA,NA,NA
"colombia","Antioquia",2020-09-15 20:34:05,935.027,NA,NA,NA,NA,NA,NA,NA,NA
"colombia","Arauca",2020-09-15 20:34:05,558.931,NA,NA,NA,NA,NA,NA,NA,NA
"colombia","Archipielago de san andres providencia y santa catalina",2020-09-15 20:34:05,641.018,NA,NA,NA,NA,NA,NA,NA,NA
"colombia","Atlantico",2020-09-15 20:34:05,793.202000000001,NA,NA,NA,NA,NA,NA,NA,NA
"colombia","Bogota",2020-09-15 20:34:05,917.577000000001,NA,NA,NA,NA,NA,NA,NA,NA
"colombia","Bolivar",2020-09-15 20:34:05,898.129000000001,NA,NA,NA,NA,NA,NA,NA,NA
"colombia","Boyaca",2020-09-15 20:34:05,887.086000000001,NA,NA,NA,NA,NA,NA,NA,NA
"colombia","Caldas",2020-09-15 20:34:05,1152.667,NA,NA,NA,NA,NA,NA,NA,NA
"colombia","Caqueta",2020-09-15 20:34:05,677.477000000001,NA,NA,NA,NA,NA,NA,NA,NA
"colombia","Casanare",2020-09-15 20:34:05,570.921999999999,NA,NA,NA,NA,NA,NA,NA,NA
"colombia","Cauca",2020-09-15 20:34:05,722.894999999999,NA,NA,NA,NA,NA,NA,NA,NA
"colombia","Cesar",2020-09-15 20:34:05,535.552,NA,NA,NA,NA,NA,NA,NA,NA
"colombia","Choco",2020-09-15 20:34:05,779.677999999998,NA,NA,NA,NA,NA,NA,NA,NA
"colombia","Cordoba",2020-09-15 20:34:05,813.249,NA,NA,NA,NA,NA,NA,NA,NA
"colombia","Cundinamarca",2020-09-15 20:34:05,869.336999999998,NA,NA,NA,NA,NA,NA,NA,NA
"colombia","Guainia",2020-09-15 20:34:05,1353.154,NA,NA,NA,NA,NA,NA,NA,NA
"colombia","Guaviare",2020-09-15 20:34:05,637.42,NA,NA,NA,NA,NA,NA,NA,NA
"colombia","Huila",2020-09-15 20:34:05,825.304000000002,NA,NA,NA,NA,NA,NA,NA,NA
"colombia","La guajira",2020-09-15 20:34:05,923.818999999998,NA,NA,NA,NA,NA,NA,NA,NA
"colombia","Magdalena",2020-09-15 20:34:05,735.973,NA,NA,NA,NA,NA,NA,NA,NA
"colombia","Meta",2020-09-15 20:34:05,677.245000000001,NA,NA,NA,NA,NA,NA,NA,NA
"colombia","Narino",2020-09-15 20:34:05,633.544,NA,NA,NA,NA,NA,NA,NA,NA
"colombia","Norte de santander",2020-09-15 20:34:05,947.093999999999,NA,NA,NA,NA,NA,NA,NA,NA
"colombia","Putumayo",2020-09-15 20:34:05,847.690999999999,NA,NA,NA,NA,NA,NA,NA,NA
"colombia","Quindio",2020-09-15 20:34:05,1002.787,NA,NA,NA,NA,NA,NA,NA,NA
"colombia","Risaralda",2020-09-15 20:34:05,631.479999999998,NA,NA,NA,NA,NA,NA,NA,NA
"colombia","Santander",2020-09-15 20:34:05,860.619000000001,NA,NA,NA,NA,NA,NA,NA,NA
"colombia","Sucre",2020-09-15 20:34:05,668.914999999999,NA,NA,NA,NA,NA,NA,NA,NA
"colombia","Tolima",2020-09-15 20:34:05,652.546999999999,NA,NA,NA,NA,NA,NA,NA,NA
"colombia","Valle del cauca",2020-09-15 20:34:05,768.315999999999,NA,NA,NA,NA,NA,NA,NA,NA
"colombia","Vaupes",2020-09-15 20:34:05,857.028,NA,NA,NA,NA,NA,NA,NA,NA
"colombia","Vichada",2020-09-15 20:34:05,336.206,NA,NA,NA,NA,NA,NA,NA,NA
"russia","Adygea Republic",2020-09-16 02:12:57,4043.924,NA,NA,NA,NA,NA,NA,NA,NA
"russia","Altai Krai",2020-09-16 02:12:57,5584.07,NA,NA,NA,NA,NA,NA,NA,NA
"russia","Altai Republic",2020-09-16 02:12:57,2527.535,NA,NA,NA,NA,NA,NA,NA,NA
"russia","Amur Oblast",2020-09-16 02:12:57,-1,NA,NA,NA,NA,NA,NA,NA,NA
"russia","Arkhangelsk Oblast",2020-09-16 02:12:57,3448.576,NA,NA,NA,NA,NA,NA,NA,NA
"russia","Astrakhan Oblast",2020-09-16 02:12:57,2342.95299999999,NA,NA,NA,NA,NA,NA,NA,NA
"russia","Bashkortostan Republic",2020-09-16 02:12:57,4419.327,NA,NA,NA,NA,NA,NA,NA,NA
"russia","Belgorod Oblast",2020-09-16 02:12:57,2392.083,NA,NA,NA,NA,NA,NA,NA,NA
"russia","Bryansk Oblast",2020-09-16 02:12:57,4414.947,NA,NA,NA,NA,NA,NA,NA,NA
"russia","Buryatia Republic",2020-09-16 02:12:57,-1,NA,NA,NA,NA,NA,NA,NA,NA
"russia","Chechen Republic",2020-09-16 02:12:57,2115.639,NA,NA,NA,NA,NA,NA,NA,NA
"russia","Chelyabinsk Oblast",2020-09-16 02:12:57,3459.253,NA,NA,NA,NA,NA,NA,NA,NA
"russia","Chukotka Autonomous Okrug",2020-09-16 02:12:57,1209.186,NA,NA,NA,NA,NA,NA,NA,NA
"russia","Chuvashia Republic",2020-09-16 02:12:57,3215.329,NA,NA,NA,NA,NA,NA,NA,NA
"russia","Dagestan Republic",2020-09-16 02:12:57,5079.324,NA,NA,NA,NA,NA,NA,NA,NA
"russia","Ingushetia Republic",2020-09-16 02:12:57,2580.191,NA,NA,NA,NA,NA,NA,NA,NA
"russia","Irkutsk Oblast",2020-09-16 02:12:57,2181.845,NA,NA,NA,NA,NA,NA,NA,NA
"russia","Ivanovo Oblast",2020-09-16 02:12:57,4586.498,NA,NA,NA,NA,NA,NA,NA,NA
"russia","Jewish Autonomous Okrug",2020-09-16 02:12:57,1110.40399999999,NA,NA,NA,NA,NA,NA,NA,NA
"russia","Kabardino-Balkarian Republic",2020-09-16 02:12:57,2821.447,NA,NA,NA,NA,NA,NA,NA,NA
"russia","Kaliningrad Oblast",2020-09-16 02:12:57,2435.381,NA,NA,NA,NA,NA,NA,NA,NA
"russia","Kalmykia Republic",2020-09-16 02:12:57,4970.503,NA,NA,NA,NA,NA,NA,NA,NA
"russia","Kaluga Oblast",2020-09-16 02:12:57,3241.43599999999,NA,NA,NA,NA,NA,NA,NA,NA
"russia","Kamchatka Krai",2020-09-16 02:12:57,3238.659,NA,NA,NA,NA,NA,NA,NA,NA
"russia","Karachay-Cherkess Republic",2020-09-16 02:12:57,3272.881,NA,NA,NA,NA,NA,NA,NA,NA
"russia","Karelia Republic",2020-09-16 02:12:57,1881.377,NA,NA,NA,NA,NA,NA,NA,NA
"russia","Kemerovo Oblast",2020-09-16 02:12:57,2343.701,NA,NA,NA,NA,NA,NA,NA,NA
"russia","Khabarovsk Krai",2020-09-16 02:12:57,3441.226,NA,NA,NA,NA,NA,NA,NA,NA
"russia","Khakassia Republic",2020-09-16 02:12:57,1991.52499999999,NA,NA,NA,NA,NA,NA,NA,NA
"russia","Khanty-Mansi Autonomous Okrug",2020-09-16 02:12:57,2909.449,NA,NA,NA,NA,NA,NA,NA,NA
"russia","Kirov Oblast",2020-09-16 02:12:57,5091.474,NA,NA,NA,NA,NA,NA,NA,NA
"russia","Komi Republic",2020-09-16 02:12:57,4121.464,NA,NA,NA,NA,NA,NA,NA,NA
"russia","Kostroma Oblast",2020-09-16 02:12:57,1942.391,NA,NA,NA,NA,NA,NA,NA,NA
"russia","Krasnodar Krai",2020-09-16 02:12:57,3624.944,NA,NA,NA,NA,NA,NA,NA,NA
"russia","Krasnoyarsk Krai",2020-09-16 02:12:57,3550.03,NA,NA,NA,NA,NA,NA,NA,NA
"russia","Kurgan Oblast",2020-09-16 02:12:57,1988.666,NA,NA,NA,NA,NA,NA,NA,NA
"russia","Kursk Oblast",2020-09-16 02:12:57,2375.497,NA,NA,NA,NA,NA,NA,NA,NA
"russia","Leningrad Oblast",2020-09-16 02:12:57,2300.937,NA,NA,NA,NA,NA,NA,NA,NA
"russia","Lipetsk Oblast",2020-09-16 02:12:57,3631.13400000001,NA,NA,NA,NA,NA,NA,NA,NA
"russia","Magadan Oblast",2020-09-16 02:12:57,2223.872,NA,NA,NA,NA,NA,NA,NA,NA
"russia","Mari El Republic",2020-09-16 02:12:57,3760.59,NA,NA,NA,NA,NA,NA,NA,NA
"russia","Mordovia Republic",2020-09-16 02:12:57,2468.765,NA,NA,NA,NA,NA,NA,NA,NA
"russia","Moscow",2020-09-16 02:12:57,3976.68700000001,NA,NA,NA,NA,NA,NA,NA,NA
"russia","Moscow Oblast",2020-09-16 02:12:57,3167.40399999999,NA,NA,NA,NA,NA,NA,NA,NA
"russia","Murmansk Oblast",2020-09-16 02:12:57,2597.241,NA,NA,NA,NA,NA,NA,NA,NA
"russia","Nenets Autonomous Okrug",2020-09-16 02:12:57,1161.589,NA,NA,NA,NA,NA,NA,NA,NA
"russia","Nizhny Novgorod Oblast",2020-09-16 02:12:57,4781.294,NA,NA,NA,NA,NA,NA,NA,NA
"russia","North Ossetia - Alania Republic",2020-09-16 02:12:57,3754.078,NA,NA,NA,NA,NA,NA,NA,NA
"russia","Novgorod Oblast",2020-09-16 02:12:57,2525.551,NA,NA,NA,NA,NA,NA,NA,NA
"russia","Novosibirsk Oblast",2020-09-16 02:12:57,3469.817,NA,NA,NA,NA,NA,NA,NA,NA
"russia","Omsk Oblast",2020-09-16 02:12:57,3037.545,NA,NA,NA,NA,NA,NA,NA,NA
"russia","Orel Oblast",2020-09-16 02:12:57,3985.077,NA,NA,NA,NA,NA,NA,NA,NA
"russia","Orenburg Oblast",2020-09-16 02:12:57,3551.438,NA,NA,NA,NA,NA,NA,NA,NA
"russia","Penza Oblast",2020-09-16 02:12:57,3752.298,NA,NA,NA,NA,NA,NA,NA,NA
"russia","Perm Krai",2020-09-16 02:12:57,3050.155,NA,NA,NA,NA,NA,NA,NA,NA
"russia","Primorsky Krai",2020-09-16 02:12:57,3404.503,NA,NA,NA,NA,NA,NA,NA,NA
"russia","Pskov Oblast",2020-09-16 02:12:57,2359.51,NA,NA,NA,NA,NA,NA,NA,NA
"russia","Republic of Crimea",2020-09-16 02:12:57,2205.907,NA,NA,NA,NA,NA,NA,NA,NA
"russia","Rostov Oblast",2020-09-16 02:12:57,3865.13600000001,NA,NA,NA,NA,NA,NA,NA,NA
"russia","Ryazan Oblast",2020-09-16 02:12:57,2924.854,NA,NA,NA,NA,NA,NA,NA,NA
"russia","Saint Petersburg",2020-09-16 02:12:57,-1,NA,NA,NA,NA,NA,NA,NA,NA
"russia","Sakha (Yakutiya) Republic",2020-09-16 02:12:57,2189.206,NA,NA,NA,NA,NA,NA,NA,NA
"russia","Sakhalin Oblast",2020-09-16 02:12:57,2177.433,NA,NA,NA,NA,NA,NA,NA,NA
"russia","Samara Oblast",2020-09-16 02:12:57,3258.786,NA,NA,NA,NA,NA,NA,NA,NA
"russia","Saratov Oblast",2020-09-16 02:12:57,3313.17,NA,NA,NA,NA,NA,NA,NA,NA
"russia","Sevastopol",2020-09-16 02:12:57,729.232000000004,NA,NA,NA,NA,NA,NA,NA,NA
"russia","Smolensk Oblast",2020-09-16 02:12:57,4044.324,NA,NA,NA,NA,NA,NA,NA,NA
"russia","Stavropol Krai",2020-09-16 02:12:57,2254.54900000001,NA,NA,NA,NA,NA,NA,NA,NA
"russia","Sverdlovsk Oblast",2020-09-16 02:12:57,2821.392,NA,NA,NA,NA,NA,NA,NA,NA
"russia","Tambov Oblast",2020-09-16 02:12:57,2442.27600000001,NA,NA,NA,NA,NA,NA,NA,NA
"russia","Tatarstan Republic",2020-09-16 02:12:57,2597.938,NA,NA,NA,NA,NA,NA,NA,NA
"russia","Tomsk Oblast",2020-09-16 02:12:57,2569.04,NA,NA,NA,NA,NA,NA,NA,NA
"russia","Tula Oblast",2020-09-16 02:12:57,4161.763,NA,NA,NA,NA,NA,NA,NA,NA
"russia","Tver Oblast",2020-09-16 02:12:57,2872.688,NA,NA,NA,NA,NA,NA,NA,NA
"russia","Tyumen Oblast",2020-09-16 02:12:57,2162.02600000001,NA,NA,NA,NA,NA,NA,NA,NA
"russia","Tyva Republic",2020-09-16 02:12:57,2280.175,NA,NA,NA,NA,NA,NA,NA,NA
"russia","Udmurt Republic",2020-09-16 02:12:57,4210.002,NA,NA,NA,NA,NA,NA,NA,NA
"russia","Ulyanovsk Oblast",2020-09-16 02:12:57,2163.219,NA,NA,NA,NA,NA,NA,NA,NA
"russia","Vladimir Oblast",2020-09-16 02:12:57,1840.896,NA,NA,NA,NA,NA,NA,NA,NA
"russia","Volgograd Oblast",2020-09-16 02:12:57,2797.532,NA,NA,NA,NA,NA,NA,NA,NA
"russia","Vologda Oblast",2020-09-16 02:12:57,1711.565,NA,NA,NA,NA,NA,NA,NA,NA
"russia","Voronezh Oblast",2020-09-16 02:12:57,2716.64000000001,NA,NA,NA,NA,NA,NA,NA,NA
"russia","Yamalo-Nenets Autonomous Okrug",2020-09-16 02:12:57,1836.816,NA,NA,NA,NA,NA,NA,NA,NA
"russia","Yaroslavl Oblast",2020-09-16 02:12:57,2477.07,NA,NA,NA,NA,NA,NA,NA,NA
"russia","Zabaykalsky Krai",2020-09-16 02:12:57,1835.291,NA,NA,NA,NA,NA,NA,NA,NA
"cases","Afghanistan",2020-09-17 14:42:55,848.911,2020-09-16 06:57:05,472.739000000001,NA,NA,NA,NA,NA,NA
"cases","Albania",2020-09-17 14:42:55,2619.035,2020-09-16 06:57:05,2342.826,NA,NA,NA,NA,NA,NA
"cases","Algeria",2020-09-17 14:42:55,3879.822,2020-09-16 06:57:05,3476.518,NA,NA,NA,NA,NA,NA
"cases","Andorra",2020-09-17 14:42:55,466.4,2020-09-16 06:57:05,248.934000000001,NA,NA,NA,NA,NA,NA
"cases","Angola",2020-09-17 14:42:55,554.606,2020-09-16 06:57:05,596.029999999999,NA,NA,NA,NA,NA,NA
"cases","Antigua & Barbuda",2020-09-17 14:42:55,474.356,2020-09-16 06:57:05,315.981,NA,NA,NA,NA,NA,NA
"cases","Argentina",2020-09-17 14:42:55,633.136,2020-09-16 06:57:05,507.188000000002,NA,NA,NA,NA,NA,NA
"cases","Armenia",2020-09-17 14:42:55,1496.398,2020-09-16 06:57:05,1422.04399999999,NA,NA,NA,NA,NA,NA
"cases","Aruba",2020-09-17 14:42:55,4040.646,2020-09-16 06:57:05,2880.05699999999,NA,NA,NA,NA,NA,NA
"cases","Australia",2020-09-17 14:42:55,2338.463,2020-09-16 06:57:05,2608.871,NA,NA,NA,NA,NA,NA
"cases","Austria",2020-09-17 14:42:55,2566.472,2020-09-16 06:57:05,2607.234,NA,NA,NA,NA,NA,NA
"cases","Azerbaijan",2020-09-17 14:42:55,5475.076,2020-09-16 06:57:05,6369.268,NA,NA,NA,NA,NA,NA
"cases","Bahamas",2020-09-17 14:42:55,907.585,2020-09-16 06:57:05,662.392999999996,NA,NA,NA,NA,NA,NA
"cases","Bahrain",2020-09-17 14:42:55,982.325,2020-09-16 06:57:05,928.183000000005,NA,NA,NA,NA,NA,NA
"cases","Bangladesh",2020-09-17 14:42:55,4878.586,2020-09-16 06:57:05,3169.763,NA,NA,NA,NA,NA,NA
"cases","Barbados",2020-09-17 14:42:55,486.051,2020-09-16 06:57:05,489.232000000004,NA,NA,NA,NA,NA,NA
"cases","Belarus",2020-09-17 14:42:55,3195.403,2020-09-16 06:57:05,4011.92099999999,NA,NA,NA,NA,NA,NA
"cases","Belgium",2020-09-17 14:42:55,7189.133,2020-09-16 06:57:05,3358.517,NA,NA,NA,NA,NA,NA
"cases","Belize",2020-09-17 14:42:55,2265.856,2020-09-16 06:57:05,1695.676,NA,NA,NA,NA,NA,NA
"cases","Benin",2020-09-17 14:42:55,612.756,2020-09-16 06:57:05,455.235000000001,NA,NA,NA,NA,NA,NA
"cases","Bermuda",2020-09-17 14:42:55,568.269,2020-09-16 06:57:05,426.891000000003,NA,NA,NA,NA,NA,NA
"cases","Bhutan",2020-09-17 14:42:55,827.253,2020-09-16 06:57:05,1069.739,NA,NA,NA,NA,NA,NA
"cases","Bolivia",2020-09-17 14:42:55,829.62,2020-09-16 06:57:05,887.091999999997,NA,NA,NA,NA,NA,NA
"cases","Bosnia & Herzegovina",2020-09-17 14:42:55,1330.853,2020-09-16 06:57:05,735.913,NA,NA,NA,NA,NA,NA
"cases","Botswana",2020-09-17 14:42:55,310.152,2020-09-16 06:57:05,374.148000000001,NA,NA,NA,NA,NA,NA
"cases","Brazil",2020-09-17 14:42:55,3255.487,2020-09-16 06:57:05,2131.521,NA,NA,NA,NA,NA,NA
"cases","Bulgaria",2020-09-17 14:42:55,1771.914,2020-09-16 06:57:05,1168.528,NA,NA,NA,NA,NA,NA
"cases","Burkina Faso",2020-09-17 14:42:55,1032.675,2020-09-16 06:57:05,630.920999999995,NA,NA,NA,NA,NA,NA
"cases","Burundi",2020-09-17 14:42:55,539.33,2020-09-16 06:57:05,637.392999999996,NA,NA,NA,NA,NA,NA
"cases","Cambodia",2020-09-17 14:42:55,558.84,2020-09-16 06:57:05,644.525000000001,NA,NA,NA,NA,NA,NA
"cases","Cameroon",2020-09-17 14:42:55,646.883,2020-09-16 06:57:05,370.000999999997,NA,NA,NA,NA,NA,NA
"cases","Canada",2020-09-17 14:42:55,1189.32,2020-09-16 06:57:05,769.082000000002,NA,NA,NA,NA,NA,NA
"cases","Cape Verde",2020-09-17 14:42:55,956.952,2020-09-16 06:57:05,1528.22199999999,NA,NA,NA,NA,NA,NA
"cases","Central African Republic",2020-09-17 14:42:55,1021.903,2020-09-16 06:57:05,1022.069,NA,NA,NA,NA,NA,NA
"cases","Chad",2020-09-17 14:42:55,1105.904,2020-09-16 06:57:05,744.822,NA,NA,NA,NA,NA,NA
"cases","Chile",2020-09-17 14:42:55,3466.305,2020-09-16 06:57:05,3488.106,NA,NA,NA,NA,NA,NA
"cases","China",2020-09-17 14:42:55,3237.454,2020-09-16 06:57:05,3201.607,NA,NA,NA,NA,NA,NA
"cases","Colombia",2020-09-17 14:42:55,2963.971,2020-09-16 06:57:05,2787.31800000001,NA,NA,NA,NA,NA,NA
"cases","Comoros",2020-09-17 14:42:55,682.974,2020-09-16 06:57:05,619.784,NA,NA,NA,NA,NA,NA
"cases","Congo - Brazzaville",2020-09-17 14:42:55,733.604,2020-09-16 06:57:05,521.593999999997,NA,NA,NA,NA,NA,NA
"cases","Congo - Kinshasa",2020-09-17 14:42:55,725.492,2020-09-16 06:57:05,587.928999999996,NA,NA,NA,NA,NA,NA
"cases","Costa Rica",2020-09-17 14:42:55,1071.533,2020-09-16 06:57:05,1148.647,NA,NA,NA,NA,NA,NA
"cases","Côte d’Ivoire",2020-09-17 14:42:55,1475.018,2020-09-16 06:57:05,1460.392,NA,NA,NA,NA,NA,NA
"cases","Croatia",2020-09-17 14:42:55,4340.051,2020-09-16 06:57:05,4269.373,NA,NA,NA,NA,NA,NA
"cases","Cuba",2020-09-17 14:42:55,3639.908,2020-09-16 06:57:05,1831.787,NA,NA,NA,NA,NA,NA
"cases","Curaçao",2020-09-17 14:42:55,1559.93,2020-09-16 06:57:05,1200.55,NA,NA,NA,NA,NA,NA
"cases","Cyprus",2020-09-17 14:42:55,2071.459,2020-09-16 06:57:05,1694.104,NA,NA,NA,NA,NA,NA
"cases","Czechia",2020-09-17 14:42:55,-1,2020-09-16 06:57:05,6114.678,NA,NA,NA,NA,NA,NA
"cases","Denmark",2020-09-17 14:42:55,1826.636,2020-09-16 06:57:05,2290.624,NA,NA,NA,NA,NA,NA
"cases","Djibouti",2020-09-17 14:42:55,1300.443,2020-09-16 06:57:05,1617.63,NA,NA,NA,NA,NA,NA
"cases","Dominican Republic",2020-09-17 14:42:55,1897.66,2020-09-16 06:57:05,1702.967,NA,NA,NA,NA,NA,NA
"cases","Ecuador",2020-09-17 14:42:55,1570.618,2020-09-16 06:57:05,1827.798,NA,NA,NA,NA,NA,NA
"cases","Egypt",2020-09-17 14:42:55,2567.821,2020-09-16 06:57:05,2128.466,NA,NA,NA,NA,NA,NA
"cases","El Salvador",2020-09-17 14:42:55,1240.661,2020-09-16 06:57:05,1301.321,NA,NA,NA,NA,NA,NA
"cases","Eritrea",2020-09-17 14:42:55,484.748,2020-09-16 06:57:05,739.874000000003,NA,NA,NA,NA,NA,NA
"cases","Estonia",2020-09-17 14:42:55,1653.322,2020-09-16 06:57:05,1658.358,NA,NA,NA,NA,NA,NA
"cases","Eswatini",2020-09-17 14:42:55,2095.808,2020-09-16 06:57:05,1726.381,NA,NA,NA,NA,NA,NA
"cases","Ethiopia",2020-09-17 14:42:55,810.616,2020-09-16 06:57:05,1464.12899999999,NA,NA,NA,NA,NA,NA
"cases","Faroe Islands",2020-09-17 14:42:55,684.785,2020-09-16 06:57:05,765.596000000005,NA,NA,NA,NA,NA,NA
"cases","Finland",2020-09-17 14:42:55,944.064,2020-09-16 06:57:05,833.607000000004,NA,NA,NA,NA,NA,NA
"cases","France",2020-09-17 14:42:55,627.052,2020-09-16 06:57:05,709.875,NA,NA,NA,NA,NA,NA
"cases","French Polynesia",2020-09-17 14:42:55,3077.924,2020-09-16 06:57:05,2620.956,NA,NA,NA,NA,NA,NA
"cases","Gabon",2020-09-17 14:42:55,696.381,2020-09-16 06:57:05,840.228999999999,NA,NA,NA,NA,NA,NA
"cases","Gambia",2020-09-17 14:42:55,981.387,2020-09-16 06:57:05,1276.089,NA,NA,NA,NA,NA,NA
"cases","Georgia",2020-09-17 14:42:55,2509.369,2020-09-16 06:57:05,1499.078,NA,NA,NA,NA,NA,NA
"cases","Germany",2020-09-17 14:42:55,1892.188,2020-09-16 06:57:05,1782.337,NA,NA,NA,NA,NA,NA
"cases","Ghana",2020-09-17 14:42:55,1189.376,2020-09-16 06:57:05,928.483999999997,NA,NA,NA,NA,NA,NA
"cases","Gibraltar",2020-09-17 14:42:55,1193.559,2020-09-16 06:57:05,1102.675,NA,NA,NA,NA,NA,NA
"cases","Greece",2020-09-17 14:42:55,4860.047,2020-09-16 06:57:05,3378.537,NA,NA,NA,NA,NA,NA
"cases","Guam",2020-09-17 14:42:55,1534.151,2020-09-16 06:57:05,1352.22300000001,NA,NA,NA,NA,NA,NA
"cases","Guatemala",2020-09-17 14:42:55,1665.735,2020-09-16 06:57:05,1140.063,NA,NA,NA,NA,NA,NA
"cases","Guinea",2020-09-17 14:42:55,866.613,2020-09-16 06:57:05,1063.02,NA,NA,NA,NA,NA,NA
"cases","Guinea-Bissau",2020-09-17 14:42:55,725.203,2020-09-16 06:57:05,534.873999999996,NA,NA,NA,NA,NA,NA
"cases","Guyana",2020-09-17 14:42:55,891.474,2020-09-16 06:57:05,668.178,NA,NA,NA,NA,NA,NA
"cases","Haiti",2020-09-17 14:42:55,595.25,2020-09-16 06:57:05,767.934999999998,NA,NA,NA,NA,NA,NA
"cases","Honduras",2020-09-17 14:42:55,2114.68,2020-09-16 06:57:05,2572.545,NA,NA,NA,NA,NA,NA
"cases","Hungary",2020-09-17 14:42:55,1650.318,2020-09-16 06:57:05,1262.209,NA,NA,NA,NA,NA,NA
"cases","Iceland",2020-09-17 14:42:55,2894.196,2020-09-16 06:57:05,2804.071,NA,NA,NA,NA,NA,NA
"cases","India",2020-09-17 14:42:55,2458.838,2020-09-16 06:57:05,2624.208,NA,NA,NA,NA,NA,NA
"cases","Indonesia",2020-09-17 14:42:55,4079.828,2020-09-16 06:57:05,2968.432,NA,NA,NA,NA,NA,NA
"cases","Iran",2020-09-17 14:42:55,1117.006,2020-09-16 06:57:05,820.504999999997,NA,NA,NA,NA,NA,NA
"cases","Iraq",2020-09-17 14:42:55,4102.273,2020-09-16 06:57:05,3790.572,NA,NA,NA,NA,NA,NA
"cases","Ireland",2020-09-17 14:42:55,1764.295,2020-09-16 06:57:05,1618.129,NA,NA,NA,NA,NA,NA
"cases","Israel",2020-09-17 14:42:55,3019.855,2020-09-16 06:57:05,1882.237,NA,NA,NA,NA,NA,NA
"cases","Italy",2020-09-17 14:42:55,2421.502,2020-09-16 06:57:05,3125.327,NA,NA,NA,NA,NA,NA
"cases","Jamaica",2020-09-17 14:42:55,1531.061,2020-09-16 06:57:05,1724.361,NA,NA,NA,NA,NA,NA
"cases","Japan",2020-09-17 14:42:55,1765.273,2020-09-16 06:57:05,1687.09,NA,NA,NA,NA,NA,NA
"cases","Jersey",2020-09-17 14:42:55,1150.113,2020-09-16 06:57:05,762.181000000004,NA,NA,NA,NA,NA,NA
"cases","Jordan",2020-09-17 14:42:55,2273.465,2020-09-16 06:57:05,2048.514,NA,NA,NA,NA,NA,NA
"cases","Kazakhstan",2020-09-17 14:42:55,1068.06,2020-09-16 06:57:05,1151.98699999999,NA,NA,NA,NA,NA,NA
"cases","Kenya",2020-09-17 14:42:55,3732.261,2020-09-16 06:57:05,3189.476,NA,NA,NA,NA,NA,NA
"cases","Kosovo",2020-09-17 14:42:55,1354.576,2020-09-16 06:57:05,1249.478,NA,NA,NA,NA,NA,NA
"cases","Kuwait",2020-09-17 14:42:55,3957.958,2020-09-16 06:57:05,2709.217,NA,NA,NA,NA,NA,NA
"cases","Kyrgyzstan",2020-09-17 14:42:55,1623.205,2020-09-16 06:57:05,1414.129,NA,NA,NA,NA,NA,NA
"cases","Latvia",2020-09-17 14:42:55,1626.593,2020-09-16 06:57:05,1209.656,NA,NA,NA,NA,NA,NA
"cases","Lebanon",2020-09-17 14:42:55,1262.877,2020-09-16 06:57:05,955.226000000002,NA,NA,NA,NA,NA,NA
"cases","Lesotho",2020-09-17 14:42:55,1025.399,2020-09-16 06:57:05,631.625999999997,NA,NA,NA,NA,NA,NA
"cases","Liberia",2020-09-17 14:42:55,1124.533,2020-09-16 06:57:05,836.930999999997,NA,NA,NA,NA,NA,NA
"cases","Libya",2020-09-17 14:42:55,807.028,2020-09-16 06:57:05,548.284,NA,NA,NA,NA,NA,NA
"cases","Liechtenstein",2020-09-17 14:42:55,737.645,2020-09-16 06:57:05,1124.555,NA,NA,NA,NA,NA,NA
"cases","Lithuania",2020-09-17 14:42:55,1447.835,2020-09-16 06:57:05,1530.241,NA,NA,NA,NA,NA,NA
"cases","Luxembourg",2020-09-17 14:42:55,984.239,2020-09-16 06:57:05,1346.174,NA,NA,NA,NA,NA,NA
"cases","Madagascar",2020-09-17 14:42:55,1776.647,2020-09-16 06:57:05,1533.95699999999,NA,NA,NA,NA,NA,NA
"cases","Malawi",2020-09-17 14:42:55,1300.612,2020-09-16 06:57:05,1487.285,NA,NA,NA,NA,NA,NA
"cases","Malaysia",2020-09-17 14:42:55,2340.909,2020-09-16 06:57:05,2489.416,NA,NA,NA,NA,NA,NA
"cases","Maldives",2020-09-17 14:42:55,1830.347,2020-09-16 06:57:05,1246,NA,NA,NA,NA,NA,NA
"cases","Mali",2020-09-17 14:42:55,1663.889,2020-09-16 06:57:05,1247.292,NA,NA,NA,NA,NA,NA
"cases","Malta",2020-09-17 14:42:55,5230.471,2020-09-16 06:57:05,3217.845,NA,NA,NA,NA,NA,NA
"cases","Mauritania",2020-09-17 14:42:55,865.965,2020-09-16 06:57:05,612.704999999994,NA,NA,NA,NA,NA,NA
"cases","Mexico",2020-09-17 14:42:55,2072.342,2020-09-16 06:57:05,2436.666,NA,NA,NA,NA,NA,NA
"cases","Moldova",2020-09-17 14:42:55,980.296,2020-09-16 06:57:05,747.265999999996,NA,NA,NA,NA,NA,NA
"cases","Monaco",2020-09-17 14:42:55,1146.777,2020-09-16 06:57:05,1028.238,NA,NA,NA,NA,NA,NA
"cases","Mongolia",2020-09-17 14:42:55,890.964,2020-09-16 06:57:05,625.43,NA,NA,NA,NA,NA,NA
"cases","Montenegro",2020-09-17 14:42:55,1977.456,2020-09-16 06:57:05,1658.831,NA,NA,NA,NA,NA,NA
"cases","Morocco",2020-09-17 14:42:55,899.213,2020-09-16 06:57:05,763.167999999998,NA,NA,NA,NA,NA,NA
"cases","Mozambique",2020-09-17 14:42:55,1436.563,2020-09-16 06:57:05,744.935000000005,NA,NA,NA,NA,NA,NA
"cases","Myanmar (Burma)",2020-09-17 14:42:55,3176.239,2020-09-16 06:57:05,2851.805,NA,NA,NA,NA,NA,NA
"cases","Namibia",2020-09-17 14:42:55,1727.108,2020-09-16 06:57:05,1118.452,NA,NA,NA,NA,NA,NA
"cases","Nepal",2020-09-17 14:42:55,1629.505,2020-09-16 06:57:05,1864.799,NA,NA,NA,NA,NA,NA
"cases","Netherlands",2020-09-17 14:42:55,3420.411,2020-09-16 06:57:05,3770.054,NA,NA,NA,NA,NA,NA
"cases","New Zealand",2020-09-17 14:42:55,2574.423,2020-09-16 06:57:05,1832.897,NA,NA,NA,NA,NA,NA
"cases","Niger",2020-09-17 14:42:55,602.523,2020-09-16 06:57:05,653.655999999995,NA,NA,NA,NA,NA,NA
"cases","Nigeria",2020-09-17 14:42:55,3592.174,2020-09-16 06:57:05,3516.814,NA,NA,NA,NA,NA,NA
"cases","North Macedonia",2020-09-17 14:42:55,727.053,2020-09-16 06:57:05,1110.859,NA,NA,NA,NA,NA,NA
"cases","Northern Mariana Islands",2020-09-17 14:42:55,590.129,2020-09-16 06:57:05,503.372000000003,NA,NA,NA,NA,NA,NA
"cases","Norway",2020-09-17 14:42:55,1486.715,2020-09-16 06:57:05,1887.747,NA,NA,NA,NA,NA,NA
"cases","Oman",2020-09-17 14:42:55,1126.033,2020-09-16 06:57:05,1158.33,NA,NA,NA,NA,NA,NA
"cases","Pakistan",2020-09-17 14:42:55,3643.121,2020-09-16 06:57:05,1589.077,NA,NA,NA,NA,NA,NA
"cases","Palestinian Territories",2020-09-17 14:42:55,3321.93,2020-09-16 06:57:05,2085.399,NA,NA,NA,NA,NA,NA
"cases","Panama",2020-09-17 14:42:55,2239.382,2020-09-16 06:57:05,1912.454,NA,NA,NA,NA,NA,NA
"cases","Papua New Guinea",2020-09-17 14:42:55,2465.845,2020-09-16 06:57:05,1113.999,NA,NA,NA,NA,NA,NA
"cases","Paraguay",2020-09-17 14:42:55,875.28,2020-09-16 06:57:05,1315.435,NA,NA,NA,NA,NA,NA
"cases","Peru",2020-09-17 14:42:55,1511.74,2020-09-16 06:57:05,1240.857,NA,NA,NA,NA,NA,NA
"cases","Philippines",2020-09-17 14:42:55,1570.243,2020-09-16 06:57:05,937.279999999999,NA,NA,NA,NA,NA,NA
"cases","Poland",2020-09-17 14:42:55,2313.443,2020-09-16 06:57:05,2728.44,NA,NA,NA,NA,NA,NA
"cases","Portugal",2020-09-17 14:42:55,3354.378,2020-09-16 06:57:05,1840.837,NA,NA,NA,NA,NA,NA
"cases","Puerto Rico",2020-09-17 14:42:55,1042.096,2020-09-16 06:57:05,1005.015,NA,NA,NA,NA,NA,NA
"cases","Qatar",2020-09-17 14:42:55,4091.374,2020-09-16 06:57:05,4651.028,NA,NA,NA,NA,NA,NA
"cases","Romania",2020-09-17 14:42:55,2404.739,2020-09-16 06:57:05,-1,NA,NA,NA,NA,NA,NA
"cases","Russia",2020-09-17 14:42:55,1568.667,2020-09-16 06:57:05,1194.11700000001,NA,NA,NA,NA,NA,NA
"cases","Rwanda",2020-09-17 14:42:55,3376.495,2020-09-16 06:57:05,4486.46,NA,NA,NA,NA,NA,NA
"cases","São Tomé & Príncipe",2020-09-17 14:42:55,945.756,2020-09-16 06:57:05,1143.888,NA,NA,NA,NA,NA,NA
"cases","Saudi Arabia",2020-09-17 14:42:55,4699.592,2020-09-16 06:57:05,4223.595,NA,NA,NA,NA,NA,NA
"cases","Senegal",2020-09-17 14:42:55,2561.969,2020-09-16 06:57:05,2271.568,NA,NA,NA,NA,NA,NA
"cases","Serbia",2020-09-17 14:42:55,3559.322,2020-09-16 06:57:05,3817.94,NA,NA,NA,NA,NA,NA
"cases","Sierra Leone",2020-09-17 14:42:55,1477.85,2020-09-16 06:57:05,1087.925,NA,NA,NA,NA,NA,NA
"cases","Singapore",2020-09-17 14:42:55,2117.099,2020-09-16 06:57:05,1746.834,NA,NA,NA,NA,NA,NA
"cases","Sint Maarten",2020-09-17 14:42:55,1419.925,2020-09-16 06:57:05,1053.444,NA,NA,NA,NA,NA,NA
"cases","Slovakia",2020-09-17 14:42:55,2360.419,2020-09-16 06:57:05,1005.15500000001,NA,NA,NA,NA,NA,NA
"cases","Slovenia",2020-09-17 14:42:55,3991.837,2020-09-16 06:57:05,2491.548,NA,NA,NA,NA,NA,NA
"cases","Somalia",2020-09-17 14:42:55,1520.841,2020-09-16 06:57:05,959.308999999994,NA,NA,NA,NA,NA,NA
"cases","South Africa",2020-09-17 14:42:55,4049.484,2020-09-16 06:57:05,2865.517,NA,NA,NA,NA,NA,NA
"cases","South Korea",2020-09-17 14:42:55,3093.067,2020-09-16 06:57:05,2739.516,NA,NA,NA,NA,NA,NA
"cases","South Sudan",2020-09-17 14:42:55,988.444,2020-09-16 06:57:05,1382.66899999999,NA,NA,NA,NA,NA,NA
"cases","Spain",2020-09-17 14:42:55,569.143,2020-09-16 06:57:05,567.724000000002,NA,NA,NA,NA,NA,NA
"cases","Sri Lanka",2020-09-17 14:42:55,2171.686,2020-09-16 06:57:05,1530.827,NA,NA,NA,NA,NA,NA
"cases","St. Vincent & Grenadines",2020-09-17 14:42:55,555.540999999999,2020-09-16 06:57:05,461.190000000002,NA,NA,NA,NA,NA,NA
"cases","Sudan",2020-09-17 14:42:55,587.711,2020-09-16 06:57:05,756.745999999999,NA,NA,NA,NA,NA,NA
"cases","Suriname",2020-09-17 14:42:55,1210.981,2020-09-16 06:57:05,1157.637,NA,NA,NA,NA,NA,NA
"cases","Sweden",2020-09-17 14:42:55,4443.074,2020-09-16 06:57:05,2469.47399999999,NA,NA,NA,NA,NA,NA
"cases","Switzerland",2020-09-17 14:42:55,1575.549,2020-09-16 06:57:05,1494.495,NA,NA,NA,NA,NA,NA
"cases","Syria",2020-09-17 14:42:55,-1,2020-09-16 06:57:05,835.258999999998,NA,NA,NA,NA,NA,NA
"cases","Taiwan",2020-09-17 14:42:55,761.040000000001,2020-09-16 06:57:05,1176.877,NA,NA,NA,NA,NA,NA
"cases","Tajikistan",2020-09-17 14:42:55,1462.788,2020-09-16 06:57:05,1567.595,NA,NA,NA,NA,NA,NA
"cases","Thailand",2020-09-17 14:42:55,1703.269,2020-09-16 06:57:05,939.905999999995,NA,NA,NA,NA,NA,NA
"cases","Togo",2020-09-17 14:42:55,914.562,2020-09-16 06:57:05,794.640999999996,NA,NA,NA,NA,NA,NA
"cases","Trinidad & Tobago",2020-09-17 14:42:55,1732.47,2020-09-16 06:57:05,2051.103,NA,NA,NA,NA,NA,NA
"cases","Tunisia",2020-09-17 14:42:55,1201.347,2020-09-16 06:57:05,1003.604,NA,NA,NA,NA,NA,NA
"cases","Turkey",2020-09-17 14:42:55,4474.205,2020-09-16 06:57:05,3146.807,NA,NA,NA,NA,NA,NA
"cases","Turks & Caicos Islands",2020-09-17 14:42:55,1194.635,2020-09-16 06:57:05,1308.353,NA,NA,NA,NA,NA,NA
"cases","U.S. Virgin Islands",2020-09-17 14:42:55,1305.106,2020-09-16 06:57:05,931.667000000001,NA,NA,NA,NA,NA,NA
"cases","Uganda",2020-09-17 14:42:55,2198.725,2020-09-16 06:57:05,1911.947,NA,NA,NA,NA,NA,NA
"cases","Ukraine",2020-09-17 14:42:55,773.578,2020-09-16 06:57:05,639.421000000002,NA,NA,NA,NA,NA,NA
"cases","United Arab Emirates",2020-09-17 14:42:55,2164.916,2020-09-16 06:57:05,-1,NA,NA,NA,NA,NA,NA
"cases","United Kingdom",2020-09-17 14:42:55,1868.783,2020-09-16 06:57:05,1192.08,NA,NA,NA,NA,NA,NA
"cases","United States",2020-09-17 14:42:55,3025.13,2020-09-16 06:57:05,2089.771,NA,NA,NA,NA,NA,NA
"cases","Uruguay",2020-09-17 14:42:55,1434.284,2020-09-16 06:57:05,1466.408,NA,NA,NA,NA,NA,NA
"cases","Uzbekistan",2020-09-17 14:42:55,1792.567,2020-09-16 06:57:05,1442.72300000001,NA,NA,NA,NA,NA,NA
"cases","Venezuela",2020-09-17 14:42:55,842.941,2020-09-16 06:57:05,953.238000000005,NA,NA,NA,NA,NA,NA
"cases","Vietnam",2020-09-17 14:42:55,1515.207,2020-09-16 06:57:05,2507.143,NA,NA,NA,NA,NA,NA
"cases","Yemen",2020-09-17 14:42:55,1139.198,2020-09-16 06:57:05,798.109000000004,NA,NA,NA,NA,NA,NA
"cases","Zambia",2020-09-17 14:42:55,887.7,2020-09-16 06:57:05,513.578999999998,NA,NA,NA,NA,NA,NA
"cases","Zimbabwe",2020-09-17 14:42:55,1226.466,2020-09-16 06:57:05,1029.791,NA,NA,NA,NA,NA,NA
"regional-deaths","Asia",2020-09-17 11:48:53,509.228,NA,NA,NA,NA,NA,NA,NA,NA
"regional-deaths","Europe",2020-09-17 11:48:53,576.035,NA,NA,NA,NA,NA,NA,NA,NA
"regional-deaths","Africa",2020-09-17 11:48:53,728.846,NA,NA,NA,NA,NA,NA,NA,NA
"regional-deaths","Americas",2020-09-17 11:48:53,539.127,NA,NA,NA,NA,NA,NA,NA,NA
"regional-deaths","Oceania",2020-09-17 11:48:53,1074.814,NA,NA,NA,NA,NA,NA,NA,NA
"regional-deaths","Global",2020-09-17 11:48:53,489.8,NA,NA,NA,NA,NA,NA,NA,NA
"regional-cases","Asia",2020-09-17 14:26:19,999999,2020-09-17 12:09:33,1209.724,NA,NA,NA,NA,NA,NA
"regional-cases","Europe",2020-09-17 14:26:19,917.762,2020-09-17 12:09:33,723.265,NA,NA,NA,NA,NA,NA
"regional-cases","Africa",2020-09-17 14:26:19,999999,2020-09-17 12:09:33,1179.044,NA,NA,NA,NA,NA,NA
"regional-cases","Americas",2020-09-17 14:26:19,999999,2020-09-17 12:09:33,1164.409,NA,NA,NA,NA,NA,NA
"regional-cases","Oceania",2020-09-17 14:26:19,999999,2020-09-17 12:09:33,2485.574,NA,NA,NA,NA,NA,NA
"regional-cases","Global",2020-09-17 14:26:19,999999,2020-09-17 12:09:33,7997.973,NA,NA,NA,NA,NA,NA
